0.000000000000000000e+00,5.000000000000000000e+01,4.004494718243772986e-04
1.000000000000000000e+00,5.000000000000000000e+01,3.798214227947225609e-03
2.000000000000000000e+00,5.000000000000000000e+01,1.002682004742228277e-03
3.000000000000000000e+00,5.000000000000000000e+01,2.569232443556210711e-04
4.000000000000000000e+00,5.000000000000000000e+01,3.345802040335780765e-04
5.000000000000000000e+00,5.000000000000000000e+01,-2.084313102290536249e-03
6.000000000000000000e+00,5.000000000000000000e+01,1.630214935006895748e-03
7.000000000000000000e+00,5.000000000000000000e+01,2.119292707785698157e-03
8.000000000000000000e+00,5.000000000000000000e+01,2.896865582343693003e-03
9.000000000000000000e+00,5.000000000000000000e+01,-1.369652721405009309e-04
1.000000000000000000e+01,5.000000000000000000e+01,4.276195485197809010e-03
1.100000000000000000e+01,5.000000000000000000e+01,-3.888409321159889270e-03
1.200000000000000000e+01,5.000000000000000000e+01,-7.331011598872659975e-05
1.300000000000000000e+01,5.000000000000000000e+01,6.075382436096666151e-05
1.400000000000000000e+01,5.000000000000006395e+01,3.166526183911043315e-03
1.500000000000000000e+01,5.000000000000080291e+01,2.004424557703336079e-03
1.600000000000000000e+01,5.000000000000817835e+01,-1.258239840155995527e-03
1.700000000000000000e+01,5.000000000006592416e+01,-5.437002126700358129e-04
1.800000000000000000e+01,5.000000000043254289e+01,2.707411384360088741e-03
1.900000000000000000e+01,5.000000000237330511e+01,-7.893514469130406309e-04
2.000000000000000000e+01,5.000000001113442494e+01,1.508748908929690487e-03
2.100000000000000000e+01,5.000000004552260435e+01,3.964494485992297451e-03
2.200000000000000000e+01,5.000000016486439591e+01,-6.928333681013197284e-04
2.300000000000000000e+01,5.000000053583814008e+01,-1.242822136088403114e-03
2.400000000000000000e+01,5.000000158194617939e+01,2.861075071359652378e-03
2.500000000000000000e+01,5.000000428639538796e+01,-4.143773664151730908e-03
2.600000000000000000e+01,5.000001075668972561e+01,3.704596956696927512e-03
2.700000000000000000e+01,5.000002520057395117e+01,3.109906932597728164e-03
2.800000000000000000e+01,5.000005545126457918e+01,3.821487423585712227e-04
2.900000000000000000e+01,5.000011520465891834e+01,-2.407355227319486930e-03
3.000000000000000000e+01,5.000022727435555225e+01,7.621059196798512722e-04
3.100000000000000000e+01,5.000042780910259665e+01,1.400086330010512879e-03
3.200000000000000000e+01,5.000077150711402396e+01,-2.659596137669154579e-04
3.300000000000000000e+01,5.000133773583373653e+01,2.165242102884626981e-03
3.400000000000000000e+01,5.000223725503214922e+01,-4.065658711803047699e-03
3.500000000000000000e+01,5.000361908465179539e+01,-5.704927864894228763e-04
3.600000000000000000e+01,5.000567691345425203e+01,-1.099552107742976601e-03
3.700000000000000000e+01,5.000865433700944607e+01,2.554576260581655888e-03
3.800000000000000000e+01,5.001284816971767100e+01,-1.775712308680521719e-03
3.900000000000000000e+01,5.001860911148111910e+01,-1.441337400691141291e-03
4.000000000000000000e+01,5.002633917117050544e+01,-4.152759493603595288e-04
4.100000000000000000e+01,5.003648544957137290e+01,-2.310479010079833501e-03
4.200000000000000000e+01,5.004953014691483304e+01,-2.246995965640405206e-03
4.300000000000000000e+01,5.006597695306859919e+01,3.972525632250444028e-03
4.400000000000000000e+01,5.008633429297852047e+01,8.950670991238141245e-04
4.500000000000000000e+01,5.011109624181017352e+01,-6.659377159368510537e-04
4.600000000000000000e+01,5.014072185410866922e+01,1.570738770347283268e-03
4.700000000000000000e+01,5.017561415601667107e+01,-4.069484299274464534e-03
4.800000000000000000e+01,5.021610001131993783e+01,4.019733335178158826e-03
4.900000000000000000e+01,5.026241191116987750e+01,3.852827608264147025e-03
5.000000000000000000e+01,5.031467254160651947e+01,3.460380476175224564e-04
5.100000000000000000e+01,5.037288323557333314e+01,-1.049759169612976811e-03
5.200000000000000000e+01,5.043691652501821920e+01,4.485761378554101614e-05
5.300000000000000000e+01,5.050651347302263616e+01,-3.954657011603671460e-03
5.400000000000000000e+01,5.058128556048475133e+01,-1.272442796490864296e-03
5.500000000000000000e+01,5.066072108736497626e+01,-1.800545069376851236e-03
5.600000000000000000e+01,5.074419571672414975e+01,-2.455082766679178401e-03
5.700000000000000000e+01,5.083098642184706506e+01,1.270773605059344476e-04
5.800000000000000000e+01,5.092028840400697476e+01,-2.281061387632380213e-03
5.900000000000000000e+01,5.101123391541059249e+01,8.632763059481401470e-04
6.000000000000000000e+01,5.110291246652693786e+01,1.750932213018256429e-03
6.100000000000000000e+01,5.119439141551538341e+01,2.203533866552087172e-03
6.200000000000000000e+01,5.128473634517430213e+01,-2.988129183250528426e-03
6.300000000000000000e+01,5.137303052225534117e+01,2.900302914508063896e-03
6.400000000000000000e+01,5.145839287212685065e+01,-9.332589663269681658e-04
6.500000000000000000e+01,5.153999406209098311e+01,4.647720893630852518e-04
6.600000000000000000e+01,5.161707035331000526e+01,8.223734144341508919e-04
6.700000000000000000e+01,5.168893496475252647e+01,-3.595264583006155430e-03
6.800000000000000000e+01,5.175498675059246523e+01,-1.955612831726231959e-03
6.900000000000000000e+01,5.181471621045427867e+01,1.028071656211854579e-03
7.000000000000000000e+01,5.186771105355873601e+01,2.992885959206148788e-03
7.100000000000000000e+01,5.191365518523662814e+01,-6.614226647824925608e-04
7.200000000000000000e+01,5.195233043430809516e+01,1.415311810109359195e-03
7.300000000000000000e+01,5.198361218719035293e+01,2.041656638130133136e-04
7.400000000000000000e+01,5.200746496478360115e+01,5.245718257642057554e-04
7.500000000000000000e+01,5.202393766285648269e+01,-2.482250436839588022e-03
7.600000000000000000e+01,5.203315557267824687e+01,-2.162721045148210952e-03
7.700000000000000000e+01,5.203524909282365485e+01,2.148695956042306139e-04
7.800000000000000000e+01,5.203060863328922636e+01,-8.538774835143600169e-04
7.900000000000000000e+01,5.201949007984042339e+01,2.668611274095258196e-03
8.000000000000000000e+01,5.200224089838934560e+01,2.982805882561147693e-03
8.100000000000000000e+01,5.197925493730067359e+01,-4.166981278129486613e-03
8.200000000000000000e+01,5.195095253904829491e+01,-3.722265793002019294e-03
8.300000000000000000e+01,5.191777541170030474e+01,2.089542584919474623e-03
8.400000000000000000e+01,5.188017959556626835e+01,1.823266558385434064e-03
8.500000000000000000e+01,5.183862894840933677e+01,-1.591225620971844026e-04
8.600000000000000000e+01,5.179358871946978127e+01,9.214759755970225973e-04
8.700000000000000000e+01,5.174551819101085925e+01,3.538476331730415741e-03
8.800000000000000000e+01,5.169486641773367097e+01,1.203619965976843393e-03
8.900000000000000000e+01,5.164206857937060136e+01,-1.664876719271311378e-03
9.000000000000000000e+01,5.158754283886772640e+01,-1.413935857377089092e-03
9.100000000000000000e+01,5.153168693557399394e+01,3.648700130328495772e-03
9.200000000000000000e+01,5.147487635297312636e+01,1.470445663474323353e-03
9.300000000000000000e+01,5.141746258956008830e+01,3.158474873320719217e-03
9.400000000000000000e+01,5.135977188114743086e+01,-4.396856867251613607e-03
9.500000000000000000e+01,5.130210446745339681e+01,2.456043514822292204e-03
9.600000000000000000e+01,5.124473427038285678e+01,2.913051761147607017e-03
9.700000000000000000e+01,5.118790893473008907e+01,2.174782771312090256e-03
9.800000000000000000e+01,5.113185018222279155e+01,1.765440849180611527e-03
9.900000000000000000e+01,5.107675443340636434e+01,3.089434873045299960e-03
1.000000000000000000e+02,5.102279365182109672e+01,-2.516121952009083614e-03
1.010000000000000000e+02,5.097011636929084233e+01,-1.542486337742091269e-03
1.020000000000000000e+02,5.091884885377024972e+01,-1.223921480443030622e-03
1.030000000000000000e+02,5.086909638488744179e+01,-1.495848790004379711e-04
1.040000000000000000e+02,5.082094460543126502e+01,2.908093211623639235e-03
1.050000000000000000e+02,5.077446092207006956e+01,-3.779681446111992846e-03
1.060000000000000000e+02,5.072969592867691802e+01,3.093610844971745460e-03
1.070000000000000000e+02,5.068668482062928149e+01,2.520842545538482578e-03
1.080000000000000000e+02,5.064544881715882951e+01,-1.925014338258199077e-03
1.090000000000000000e+02,5.060599653461248693e+01,3.236515397535468658e-03
1.100000000000000000e+02,5.056832531736038305e+01,-3.764251105683207553e-03
1.110000000000000000e+02,5.053242251681779607e+01,2.391559708480110215e-03
1.120000000000000000e+02,5.049826671237158848e+01,-2.039267645044444063e-03
1.130000000000000000e+02,5.046582886943785695e+01,-4.051102649853082806e-03
1.140000000000000000e+02,5.043507342272379645e+01,-2.629761892108417945e-03
1.150000000000000000e+02,5.040595934308333881e+01,1.316105783004310563e-04
1.160000000000000000e+02,5.037844104539995982e+01,1.161292122736383957e-03
1.170000000000000000e+02,5.035246943626633964e+01,-4.404924038523279350e-03
1.180000000000000000e+02,5.032799288064232002e+01,1.078372463305475116e-03
1.190000000000000000e+02,5.030495826900362744e+01,-3.479053815034466313e-03
1.200000000000000000e+02,5.028331218394640700e+01,1.127864826790503155e-03
1.210000000000000000e+02,5.026300231546300523e+01,-2.453718161296274212e-03
1.220000000000000000e+02,5.024397917103114253e+01,3.193080744087326093e-03
1.230000000000000000e+02,5.022619808859288071e+01,1.021349681878303776e-03
1.240000000000000000e+02,5.020962181549710124e+01,-3.873931888222147363e-04
1.250000000000000000e+02,5.019422344111730894e+01,-3.558409162519674538e-05
1.260000000000000000e+02,5.017998993396361840e+01,-3.794099322168843682e-03
1.270000000000000000e+02,5.016692616904433777e+01,-1.679138763121861867e-03
1.280000000000000000e+02,5.015505923425030232e+01,3.137031059703214789e-03
1.290000000000000000e+02,5.014444332203630950e+01,1.598793603174361849e-03
1.300000000000000000e+02,5.013516450887209430e+01,-4.143537055499222493e-03
1.310000000000000000e+02,5.012734574734880511e+01,2.112202428513018128e-03
1.320000000000000000e+02,5.012115159507546736e+01,2.696653193590253881e-03
1.330000000000000000e+02,5.011679269906938572e+01,3.156277069739870864e-03
1.340000000000000000e+02,5.011453184417784712e+01,-3.345382139787480679e-03
1.350000000000000000e+02,5.011467939455931742e+01,-6.649505499453684139e-04
1.360000000000000000e+02,5.011759613654527357e+01,2.565026936183132517e-03
1.370000000000000000e+02,5.012371086932164133e+01,1.339761403730067250e-03
1.380000000000000000e+02,5.013350314518365280e+01,-6.087022673016772396e-04
1.390000000000000000e+02,5.014749870176891733e+01,-3.328307383766558429e-03
1.400000000000000000e+02,5.016627686164708422e+01,-4.595828245552343585e-04
1.410000000000000000e+02,5.019046422973857347e+01,-1.461649447000035597e-06
1.420000000000000000e+02,5.022072596802380673e+01,1.863670938504258245e-03
1.430000000000000000e+02,5.025776507922758185e+01,-3.887736872332730065e-03
1.440000000000000000e+02,5.030231399413158755e+01,-1.688734618196742606e-03
1.450000000000000000e+02,5.035512405218702270e+01,2.448668770857699920e-03
1.460000000000000000e+02,5.041695623455292719e+01,6.389347944280364486e-04
1.470000000000000000e+02,5.048857627762741629e+01,-2.831594709242827874e-03
1.480000000000000000e+02,5.057074938182000068e+01,-3.940368656542484090e-03
1.490000000000000000e+02,5.066422379129340214e+01,3.878114274507022362e-03
1.500000000000000000e+02,5.076972980247788314e+01,-1.623676789399473418e-03
1.510000000000000000e+02,5.088797037208637164e+01,1.853185519064500181e-03
1.520000000000000000e+02,5.101960907378589383e+01,6.002364968392951599e-04
1.530000000000000000e+02,5.116526790863034790e+01,-3.549558734234937465e-04
1.540000000000000000e+02,5.132552633517868657e+01,2.067461845563512909e-03
1.550000000000000000e+02,5.150090602357506242e+01,-2.755626627992354034e-03
1.560000000000000000e+02,5.169187407309722460e+01,2.234521753789591673e-03
1.570000000000000000e+02,5.189883639321895004e+01,-7.095277906865711472e-05
1.580000000000000000e+02,5.212213813601096035e+01,-3.266559396918148998e-03
1.590000000000000000e+02,5.236206263796700711e+01,-3.420177342327233340e-03
1.600000000000000000e+02,5.261882978463341942e+01,-1.042165419230748269e-03
1.610000000000000000e+02,5.289259706745287559e+01,1.211106566526832379e-03
1.620000000000000000e+02,5.318345952549727684e+01,-3.604393280962291200e-03
1.630000000000000000e+02,5.349145138791252663e+01,-9.305103496086276991e-04
1.640000000000000000e+02,5.381654759271105348e+01,3.190833613776175408e-03
1.650000000000000000e+02,5.415866762177633120e+01,-4.280914166932083854e-03
1.660000000000000000e+02,5.451767794316824478e+01,-4.365627364045932685e-03
1.670000000000000000e+02,5.489339510138382394e+01,2.676035835634448575e-03
1.680000000000000000e+02,5.528558993715940773e+01,1.112404343374900559e-03
1.690000000000000000e+02,5.569399085620678846e+01,-3.239467549918745304e-03
1.700000000000000000e+02,5.611828766799325052e+01,-1.925423090047064748e-03
1.710000000000000000e+02,5.655813574175330416e+01,1.564271399470610181e-04
1.720000000000000000e+02,5.701315998877327473e+01,-4.290757996792957281e-03
1.730000000000000000e+02,5.748295872059080125e+01,-2.222242292840290786e-03
1.740000000000000000e+02,5.796710768072205866e+01,-7.497320533346659181e-04
1.750000000000000000e+02,5.846516367823239335e+01,2.641041848374943869e-03
1.760000000000000000e+02,5.897666774559590408e+01,3.836330056062163801e-03
1.770000000000000000e+02,5.950114906083408783e+01,-2.709102802893216880e-03
1.780000000000000000e+02,6.003812825501782413e+01,-2.488792552577905829e-03
1.790000000000000000e+02,6.058712031752417460e+01,2.023044960659585619e-03
1.800000000000000000e+02,6.114763895861663912e+01,3.481106457745937379e-03
1.810000000000000000e+02,6.171919791781352416e+01,3.580446403937724564e-03
1.820000000000000000e+02,6.230130770841540055e+01,2.112140188345353834e-03
1.830000000000000000e+02,6.289349085214617219e+01,3.647590858152620179e-03
1.840000000000000000e+02,6.349527337622908618e+01,1.552435976610746929e-03
1.850000000000000000e+02,6.410618489601785086e+01,-4.313253027831456289e-03
1.860000000000000000e+02,6.472577322229864194e+01,-1.968946277650443228e-04
1.870000000000000000e+02,6.535359138838400384e+01,-5.453743041956851884e-04
1.880000000000000000e+02,6.598920075787385997e+01,2.173574896788637873e-03
1.890000000000000000e+02,6.663218516300806016e+01,-1.936106885159213442e-03
1.900000000000000000e+02,6.728213389232988106e+01,-3.102562388334536517e-03
1.910000000000000000e+02,6.793865034594307417e+01,2.331360789062081069e-03
1.920000000000000000e+02,6.860135931596889236e+01,3.317890181889993507e-03
1.930000000000000000e+02,6.926989221909033745e+01,-1.253025781221872624e-03
1.940000000000000000e+02,6.994389899548825440e+01,6.930716781602771397e-04
1.950000000000000000e+02,7.062304811904442658e+01,4.454416710653318415e-03
1.960000000000000000e+02,7.130701546182352502e+01,1.638631904543942338e-03
1.970000000000000000e+02,7.199549800013159029e+01,-4.350985962753565160e-03
1.980000000000000000e+02,7.268820800942957305e+01,-3.421048780636195760e-03
1.990000000000000000e+02,7.338486589553829731e+01,3.992459035237359323e-03
2.000000000000000000e+02,7.408521313443397105e+01,3.128102327026459090e-03
2.010000000000000000e+02,7.478900369059219599e+01,3.827340451401222646e-03
2.020000000000000000e+02,7.549600107841261831e+01,1.013593918561077377e-03
2.030000000000000000e+02,7.620598674650179305e+01,6.316558538338919995e-04
2.040000000000000000e+02,7.691875337857396744e+01,-8.322265145560698825e-04
2.050000000000000000e+02,7.763410377188003508e+01,1.704419753968047053e-03
2.060000000000000000e+02,7.835185524604801799e+01,-2.893096742785428166e-03
2.070000000000000000e+02,7.907183529896697394e+01,3.279271136850721562e-03
2.080000000000000000e+02,7.979388142070922640e+01,-1.129446257761439459e-03
2.090000000000000000e+02,8.051784258909610514e+01,3.915821444705431219e-03
2.100000000000000000e+02,8.124357700601333931e+01,6.289881567720364631e-04
2.110000000000000000e+02,8.197095202384791435e+01,2.867296874272822513e-04
2.120000000000000000e+02,8.269984414319131361e+01,1.162860912924990747e-03
2.130000000000000000e+02,8.343013809495374744e+01,2.552776949100934653e-03
2.140000000000000000e+02,8.416172647392878048e+01,-4.456374194497781521e-03
2.150000000000000000e+02,8.489450925589349595e+01,2.999461575151744948e-03
2.160000000000000000e+02,8.562839368822599795e+01,-1.108462745698776761e-03
2.170000000000000000e+02,8.636329339108796432e+01,-4.338801921686487100e-04
2.180000000000000000e+02,8.709912799746498990e+01,2.355257820456232824e-03
2.190000000000000000e+02,8.783582363160930129e+01,-3.939216452768829098e-03
2.200000000000000000e+02,8.857331116785663028e+01,3.119416783972220114e-04
2.210000000000000000e+02,8.931152656746075991e+01,-4.278918641248295393e-03
2.220000000000000000e+02,9.005041143951794425e+01,-2.531393491146406369e-03
2.230000000000000000e+02,9.078991081105903049e+01,2.704701498672452183e-03
2.240000000000000000e+02,9.152997408563253146e+01,-4.070152655033621586e-03
2.250000000000000000e+02,9.227055532690313555e+01,4.094756781924723497e-03
2.260000000000000000e+02,9.301161116306118970e+01,4.404678027692476329e-03
2.270000000000000000e+02,9.375310191771093571e+01,-1.387274933812125037e-03
2.280000000000000000e+02,9.449499161052584384e+01,2.210479297885996688e-03
2.290000000000000000e+02,9.523724624676765416e+01,7.223126987107174497e-04
2.300000000000000000e+02,9.597983493492220930e+01,2.787312668661490883e-03
2.310000000000000000e+02,9.672272960088311322e+01,-3.239836127009384191e-03
2.320000000000000000e+02,9.746590374435862714e+01,-4.292245523198956469e-03
2.330000000000000000e+02,9.820933347767157784e+01,-4.316904832894343652e-03
2.340000000000000000e+02,9.895299696400954303e+01,-1.972869508250848451e-03
2.350000000000000000e+02,9.969687364518186712e+01,-3.255832245086200203e-03
2.360000000000000000e+02,1.004409451818454357e+02,-2.639537029452105645e-03
2.370000000000000000e+02,1.011851946209986437e+02,-3.064247800651395855e-03
2.380000000000000000e+02,1.019296060989929202e+02,-1.756504094118538795e-03
2.390000000000000000e+02,1.026741656398842792e+02,-2.218645321389265887e-03
2.400000000000000000e+02,1.034188600931618396e+02,-1.860618602293483451e-04
2.410000000000000000e+02,1.041636772899440189e+02,2.030129023241320201e-03
2.420000000000000000e+02,1.049086066545700504e+02,-2.765880537812781363e-03
2.430000000000000000e+02,1.056536379886059080e+02,1.808015791564455965e-03
2.440000000000000000e+02,1.063987620474963336e+02,1.941497385510721201e-04
2.450000000000000000e+02,1.071439707702386812e+02,1.692762688229199758e-03
2.460000000000000000e+02,1.078892563579838111e+02,-1.252609344778019083e-03
2.470000000000000000e+02,1.086346117962310416e+02,-1.103260491216918491e-03
2.480000000000000000e+02,1.093800309496223093e+02,-2.017168436885735227e-03
2.490000000000000000e+02,1.101255078781513106e+02,-4.317329090245735322e-03
2.500000000000000000e+02,1.108710372837823570e+02,-2.120755036617703003e-03
2.510000000000000000e+02,1.116166145032325403e+02,1.990439667506222268e-03
2.520000000000000000e+02,1.123622350281578690e+02,2.599225294445984668e-03
2.530000000000000000e+02,1.131078948787539105e+02,1.094376205775855109e-03
2.540000000000000000e+02,1.138535905110024089e+02,-3.698203088929330647e-03
2.550000000000000000e+02,1.145993185176442353e+02,-2.599405554064363345e-03
2.560000000000000000e+02,1.153450759256672171e+02,2.925532062838229631e-03
2.570000000000000000e+02,1.160908600396911226e+02,2.761481872386629282e-04
2.580000000000000000e+02,1.168366682953350448e+02,-1.299743325932484900e-03
2.590000000000000000e+02,1.175824984836079636e+02,-4.236085769683613396e-03
2.600000000000000000e+02,1.183283485520214100e+02,1.661971859667708265e-03
2.610000000000000000e+02,1.190742165769728729e+02,-1.898771587013183123e-03
2.620000000000000000e+02,1.198201009184723063e+02,1.433849823919791395e-03
2.630000000000000000e+02,1.205660000046965052e+02,-2.914400528057065239e-03
2.640000000000000000e+02,1.213119124141292389e+02,1.129362944353002555e-03
2.650000000000000000e+02,1.220578369305635675e+02,-1.895445341318865691e-03
2.660000000000000000e+02,1.228037723694151993e+02,-1.505397294767936737e-03
2.670000000000000000e+02,1.235497176983321594e+02,3.779823871622754305e-03
2.680000000000000000e+02,1.242956719745214684e+02,3.461913352553727587e-03
2.690000000000000000e+02,1.250416343239526640e+02,-1.144607488527694792e-04
2.700000000000000000e+02,1.257876039867065145e+02,-3.209573211508843279e-03
2.710000000000000000e+02,1.265335802375681311e+02,-2.289045149584648456e-03
2.720000000000000000e+02,1.272795624344980325e+02,-1.769582737265848861e-03
2.730000000000000000e+02,1.280255500034925262e+02,-1.471883356564594259e-03
2.740000000000000000e+02,1.287715424032873557e+02,-3.074459400388450999e-03
2.750000000000000000e+02,1.295175391744633373e+02,-1.190450974932548119e-03
2.760000000000000000e+02,1.302635398785488121e+02,-3.720602025618683869e-04
2.770000000000000000e+02,1.310095441316284166e+02,-4.244863292666757777e-03
2.780000000000000000e+02,1.317555515822284633e+02,1.222416304602640894e-03
2.790000000000000000e+02,1.325015619137289207e+02,-3.123019265039419113e-03
2.800000000000000000e+02,1.332475748407197500e+02,3.384387839536251268e-03
2.810000000000000000e+02,1.339935901016028197e+02,-3.838627823890102247e-03
2.820000000000000000e+02,1.347396074672311670e+02,-3.287949213664828098e-03
2.830000000000000000e+02,1.354856267232078437e+02,-2.739741547003606004e-03
2.840000000000000000e+02,1.362316476864166077e+02,-2.232962807919151946e-03
2.850000000000000000e+02,1.369776701864117570e+02,-3.925967612469620852e-03
2.860000000000000000e+02,1.377236940747734479e+02,4.103855294474397127e-03
2.870000000000000000e+02,1.384697192173980227e+02,-2.760948100466939503e-03
2.880000000000000000e+02,1.392157454954857769e+02,4.306683413871556336e-03
2.890000000000000000e+02,1.399617728024784356e+02,-2.108987074071204566e-03
2.900000000000000000e+02,1.407078010448075531e+02,4.124815908981782631e-03
2.910000000000000000e+02,1.414538301383465466e+02,-8.728051671622623472e-05
2.920000000000000000e+02,1.421998600095927259e+02,2.142382516919736149e-03
2.930000000000000000e+02,1.429458905933738890e+02,1.351113316675706848e-03
2.940000000000000000e+02,1.436919218331646846e+02,2.163196276552791560e-03
2.950000000000000000e+02,1.444379536792389160e+02,-6.131685501563497115e-04
2.960000000000000000e+02,1.451839860882688527e+02,9.904903948621246717e-04
2.970000000000000000e+02,1.459300190223641209e+02,-4.429172581053334237e-03
2.980000000000000000e+02,1.466760524485476367e+02,-2.079345574021030166e-03
2.990000000000000000e+02,1.474220863377419732e+02,-3.612981779854257478e-03
3.000000000000000000e+02,1.481681206650601723e+02,-1.924912696217234449e-03
3.010000000000000000e+02,1.489141554082857510e+02,-2.751884089842938225e-03
3.020000000000000000e+02,1.496601905485402710e+02,2.244132561102178799e-04
3.030000000000000000e+02,1.504062260690998016e+02,-8.880213744087295388e-05
3.040000000000000000e+02,1.511522619555988172e+02,2.567564379273739629e-03
3.050000000000000000e+02,1.518982981953101614e+02,5.700217503874395594e-04
3.060000000000000000e+02,1.526443347769448735e+02,2.627277267012451990e-03
3.070000000000000000e+02,1.533903716904755470e+02,3.711328701091424348e-03
3.080000000000000000e+02,1.541364089267849238e+02,-3.186483211302634181e-03
3.090000000000000000e+02,1.548824464776659511e+02,-5.362779375118080288e-04
3.100000000000000000e+02,1.556284843355653322e+02,-1.463525353459564323e-04
3.110000000000000000e+02,1.563745224934322096e+02,-7.722362540514367182e-04
3.120000000000000000e+02,1.571205609446325582e+02,3.012782444653655783e-04
3.130000000000000000e+02,1.578665996827479603e+02,2.105694226602869250e-03
3.140000000000000000e+02,1.586126387014778061e+02,1.420115168636208302e-03
3.150000000000000000e+02,1.593586779944893124e+02,4.110625315428386231e-03
3.160000000000000000e+02,1.601047175553021873e+02,1.129470880701295785e-03
3.170000000000000000e+02,1.608507573771947250e+02,3.766999947545720422e-04
3.180000000000000000e+02,1.615967974531067171e+02,-3.270830823059197364e-03
3.190000000000000000e+02,1.623428377755246288e+02,2.222630922098050438e-03
3.200000000000000000e+02,1.630888783364124492e+02,3.938884639490487609e-03
3.210000000000000000e+02,1.638349191271129257e+02,-4.628017010891728711e-04
3.220000000000000000e+02,1.645809601382669314e+02,-4.371930707044651560e-03
3.230000000000000000e+02,1.653270013597574462e+02,-3.188394642968392714e-03
3.240000000000000000e+02,1.660730427806664693e+02,-5.849178889894111758e-04
3.250000000000000000e+02,1.668190843892118380e+02,1.823180819287380326e-03
3.260000000000000000e+02,1.675651261727710732e+02,-4.054411730231603436e-03
3.270000000000000000e+02,1.683111681178599213e+02,-2.680191670087425822e-03
3.280000000000000000e+02,1.690572102101428413e+02,2.797624104314484425e-03
3.290000000000000000e+02,1.698032524345053105e+02,-1.691820550587862758e-03
3.300000000000000000e+02,1.705492947750818473e+02,3.143676487570650283e-03
3.310000000000000000e+02,1.712953372153251337e+02,4.081801104666736568e-03
3.320000000000000000e+02,1.720413797380952019e+02,-4.134206531601029334e-03
3.330000000000000000e+02,1.727874223257667836e+02,1.137173477394374469e-03
3.340000000000000000e+02,1.735334649603400692e+02,3.638188470317591395e-03
3.350000000000000000e+02,1.742795076235574356e+02,3.131511774157663772e-03
3.360000000000000000e+02,1.750255502970489090e+02,1.820991014770475093e-03
3.370000000000000000e+02,1.757715929624630746e+02,-3.784656407120925471e-03
3.380000000000000000e+02,1.765176356016049510e+02,4.422333947038056563e-04
3.390000000000000000e+02,1.772636781965756825e+02,3.429146284080521363e-03
3.400000000000000000e+02,1.780097207299141928e+02,-2.206917609375900948e-03
3.410000000000000000e+02,1.787557631847261916e+02,-1.486233496050626789e-03
3.420000000000000000e+02,1.795018055448132941e+02,-3.731675397818619896e-03
3.430000000000000000e+02,1.802478477947935289e+02,-1.660207804870496556e-03
3.440000000000000000e+02,1.809938899202064135e+02,1.636776968978723591e-03
3.450000000000000000e+02,1.817399319076108668e+02,2.632080461963199648e-03
3.460000000000000000e+02,1.824859737446700478e+02,-3.654375365159895882e-03
3.470000000000000000e+02,1.832320154202181754e+02,3.950945493480119593e-03
3.480000000000000000e+02,1.839780569243184800e+02,-1.528261787550069806e-03
3.490000000000000000e+02,1.847240982483081098e+02,-4.287904568215972906e-03
3.500000000000000000e+02,1.854701393848246198e+02,-2.359885157035808770e-03
3.510000000000000000e+02,1.862161803278218031e+02,-4.709864663877967703e-04
3.520000000000000000e+02,1.869622210725704292e+02,7.279625651016527216e-04
3.530000000000000000e+02,1.877082616156421864e+02,-3.750864712198050989e-03
3.540000000000000000e+02,1.884543019548881375e+02,2.786897562692697110e-03
3.550000000000000000e+02,1.892003420894034491e+02,3.134670164272140803e-04
3.560000000000000000e+02,1.899463820194808932e+02,1.956222037317554945e-03
3.570000000000000000e+02,1.906924217465596314e+02,-3.019801290704122142e-03
3.580000000000000000e+02,1.914384612731586515e+02,-3.197940141955065135e-03
3.590000000000000000e+02,1.921845006028100329e+02,3.344623351597302615e-03
3.600000000000000000e+02,1.929305397399848516e+02,-3.622399438970479646e-04
3.610000000000000000e+02,1.936765786900144235e+02,-3.900061776940495252e-03
3.620000000000000000e+02,1.944226174590091887e+02,-1.397494725470581822e-03
3.630000000000000000e+02,1.951686560537735602e+02,2.400319191245064640e-03
3.640000000000000000e+02,1.959146944817231031e+02,2.485384569309930999e-03
3.650000000000000000e+02,1.966607327507999230e+02,-2.280436742690876515e-03
3.660000000000000000e+02,1.974067708693893906e+02,3.904236240930004844e-03
3.670000000000000000e+02,1.981528088462381163e+02,3.750088761209173765e-03
3.680000000000000000e+02,1.988988466903735173e+02,2.491623782830399564e-03
3.690000000000000000e+02,1.996448844110279595e+02,-2.575704047758931850e-04
3.700000000000000000e+02,2.003909220175656003e+02,-3.266999239165764048e-03
3.710000000000000000e+02,2.011369595194156545e+02,4.380358265410925003e-03
3.720000000000000000e+02,2.018829969260069959e+02,2.755103765057778588e-04
3.730000000000000000e+02,2.026290342467077039e+02,1.934620686327132239e-03
3.740000000000000000e+02,2.033750714907708357e+02,-2.500938973231127925e-03
3.750000000000000000e+02,2.041211086672840622e+02,-1.034844666072087501e-03
3.760000000000000000e+02,2.048671457851249045e+02,3.131071677463756562e-03
3.770000000000000000e+02,2.056131828529222503e+02,-9.987258684034238808e-05
3.780000000000000000e+02,2.063592198790210261e+02,3.372651493578254821e-04
3.790000000000000000e+02,2.071052568714518998e+02,-3.945925985588719445e-03
3.800000000000000000e+02,2.078512938379058141e+02,3.125810199011648007e-03
3.810000000000000000e+02,2.085973307857125576e+02,-2.162195836953573289e-03
3.820000000000000000e+02,2.093433677218255013e+02,-4.095828587285743616e-03
3.830000000000000000e+02,2.100894046528104298e+02,-3.798485755358617984e-03
3.840000000000000000e+02,2.108354415848373549e+02,3.041741246251714915e-03
3.850000000000000000e+02,2.115814785236734394e+02,3.961948318334120207e-03
3.860000000000000000e+02,2.123275154746823432e+02,-3.790689433863137989e-03
3.870000000000000000e+02,2.130735524428243082e+02,3.952142896159727657e-03
3.880000000000000000e+02,2.138195894326628093e+02,4.131171592464022066e-04
3.890000000000000000e+02,2.145656264483712334e+02,4.347319087103521974e-03
3.900000000000000000e+02,2.153116634937402125e+02,-1.394326513497963754e-03
3.910000000000000000e+02,2.160577005721879686e+02,4.013821140181602319e-03
3.920000000000000000e+02,2.168037376867718251e+02,4.397718778474693458e-04
3.930000000000000000e+02,2.175497748402023603e+02,-1.003731414904660219e-03
3.940000000000000000e+02,2.182958120348591535e+02,5.280479406407621347e-04
3.950000000000000000e+02,2.190418492728059618e+02,1.594147210984618850e-03
3.960000000000000000e+02,2.197878865558061818e+02,-3.501874431263146160e-03
3.970000000000000000e+02,2.205339238853384529e+02,3.348947107456423655e-03
3.980000000000000000e+02,2.212799612626136252e+02,-7.748887684990525332e-04
3.990000000000000000e+02,2.220259986885928640e+02,5.728820932796409911e-04
4.000000000000000000e+02,2.227720361640053852e+02,-2.489210591101493220e-03
4.010000000000000000e+02,2.235180736893644280e+02,-2.041609787417671216e-03
4.020000000000000000e+02,2.242641112649829438e+02,-3.660511901807350123e-03
4.030000000000000000e+02,2.250101488909894556e+02,2.525605062269822322e-03
4.040000000000000000e+02,2.257561865673441730e+02,-4.415989937871078047e-03
4.050000000000000000e+02,2.265022242938553916e+02,-3.089778797127521598e-03
4.060000000000000000e+02,2.272482620701940448e+02,2.356989007438998833e-04
4.070000000000000000e+02,2.279942998959065221e+02,-1.354817437755509544e-04
4.080000000000000000e+02,2.287403377704270611e+02,1.732179326627911924e-03
4.090000000000000000e+02,2.294863756930909915e+02,4.455700175697589228e-03
4.100000000000000000e+02,2.302324136631468434e+02,4.444544584440828124e-03
4.110000000000000000e+02,2.309784516797681420e+02,-1.763531088994419241e-04
4.120000000000000000e+02,2.317244897420632981e+02,-3.295722537442443041e-03
4.130000000000000000e+02,2.324705278490832256e+02,1.559339790089545518e-03
4.140000000000000000e+02,2.332165659998308627e+02,2.917160075005087016e-03
4.150000000000000000e+02,2.339626041932691862e+02,2.987173417538643069e-03
4.160000000000000000e+02,2.347086424283300801e+02,1.435424066693425770e-03
4.170000000000000000e+02,2.354546807039199052e+02,-2.268905318322596461e-03
4.180000000000000000e+02,2.362007190189239338e+02,-9.796609360456934659e-04
4.190000000000000000e+02,2.369467573722124882e+02,2.841561511284527129e-03
4.200000000000000000e+02,2.376927957626447778e+02,-2.288765474479319446e-03
4.210000000000000000e+02,2.384388341890740151e+02,-3.030719264581884041e-04
4.220000000000000000e+02,2.391848726503512239e+02,2.302430314607786820e-04
4.230000000000000000e+02,2.399309111453264336e+02,3.335601554166774639e-03
4.240000000000000000e+02,2.406769496728491049e+02,4.366139612523517802e-03
4.250000000000000000e+02,2.414229882317704323e+02,3.508389186823615818e-03
4.260000000000000000e+02,2.421690268209442536e+02,2.402990566202741624e-03
4.270000000000000000e+02,2.429150654392240654e+02,-8.804931093644156230e-04
4.280000000000000000e+02,2.436611040854588168e+02,-2.481187514006126006e-03
4.290000000000000000e+02,2.444071427584837295e+02,1.003667523954688418e-03
4.300000000000000000e+02,2.451531814571078485e+02,-4.362274574675805393e-03
4.310000000000000000e+02,2.458992201800937210e+02,2.487198887889451124e-03
4.320000000000000000e+02,2.466452589261227217e+02,-2.216968493470996854e-03
4.330000000000000000e+02,2.473912976937402277e+02,-8.317688675404422442e-04
4.340000000000000000e+02,2.481373364812705802e+02,-3.258561439717109608e-03
4.350000000000000000e+02,2.488833752866860323e+02,-3.183529635223234303e-03
4.360000000000000000e+02,2.496294141074056938e+02,-2.886184711596012989e-03
4.370000000000000000e+02,2.503754529399868147e+02,-1.220963197823210110e-03
4.380000000000000000e+02,2.511214917796546615e+02,2.650118419583874074e-03
4.390000000000000000e+02,2.518675306195917472e+02,2.838946613759910260e-03
4.400000000000000000e+02,2.526135694498680095e+02,1.495589972654307433e-03
4.410000000000000000e+02,2.533596082558932778e+02,-3.377545030883958611e-03
4.420000000000000000e+02,2.541056470160593221e+02,1.231854625254675834e-03
4.430000000000000000e+02,2.548516856983343359e+02,-3.375920755200979145e-03
4.440000000000000000e+02,2.555977242553014150e+02,7.613851584578715552e-04
4.450000000000000000e+02,2.563437626170103840e+02,-4.050070712432719822e-03
4.460000000000000000e+02,2.570898006807590832e+02,-3.843837096884723022e-03
4.470000000000000000e+02,2.578358382966187037e+02,1.999602305401706592e-03
4.480000000000000000e+02,2.585818752471078028e+02,-3.977583096627813203e-03
4.490000000000000000e+02,2.593279112188489535e+02,-4.890535993778064288e-04
4.500000000000000000e+02,2.600739457634771270e+02,-2.309948731203200888e-03
4.510000000000000000e+02,2.608199782452578006e+02,-3.021099737419255613e-03
4.520000000000000000e+02,2.615660077684858038e+02,-3.634448150784014807e-03
4.530000000000000000e+02,2.623120330817878880e+02,-1.712593628979622177e-03
4.540000000000000000e+02,2.630580524511682370e+02,-3.108619776772689539e-03
4.550000000000000000e+02,2.638040634936374431e+02,-3.870058494874139502e-03
4.560000000000000000e+02,2.645500629609371686e+02,2.170246071999174658e-03
4.570000000000000000e+02,2.652960464610167151e+02,4.253891627079388511e-03
4.580000000000000000e+02,2.660420081073504548e+02,-3.055575876078085989e-03
4.590000000000000000e+02,2.667879400922152513e+02,2.405564775110165514e-03
4.600000000000000000e+02,2.675338321717134704e+02,-1.496666543121377962e-03
4.610000000000000000e+02,2.682796710347189446e+02,-1.514440181746501022e-03
4.620000000000000000e+02,2.690254395160230843e+02,2.354272112347965268e-03
4.630000000000000000e+02,2.697711156720107510e+02,1.440088545728363933e-03
4.640000000000000000e+02,2.705166717377728105e+02,3.834484152736015224e-03
4.650000000000000000e+02,2.712620729546592315e+02,2.243629385669086967e-03
4.660000000000000000e+02,2.720072762499069086e+02,-9.037661667734838778e-04
4.670000000000000000e+02,2.727522287965038572e+02,1.895838584388310696e-03
4.680000000000000000e+02,2.734968664961076001e+02,-3.194084648425415604e-03
4.690000000000000000e+02,2.742411124284191715e+02,4.940363346947434023e-03
4.700000000000000000e+02,2.749848753279241009e+02,4.559205202977925468e-03
4.710000000000000000e+02,2.757280481546569035e+02,3.069100959946762658e-03
4.720000000000000000e+02,2.764705068711215858e+02,5.055331283907041687e-03
4.730000000000000000e+02,2.772121095351159852e+02,7.626022544519007670e-04
4.740000000000000000e+02,2.779526958301651121e+02,1.845403616735605094e-03
4.750000000000000000e+02,2.786920871637953496e+02,4.572207866916062381e-03
4.760000000000000000e+02,2.794300874651885920e+02,2.385991435399422746e-03
4.770000000000000000e+02,2.801664848048933436e+02,4.683147478897952895e-03
4.780000000000000000e+02,2.809010539387317067e+02,8.635297485534858958e-03
4.790000000000000000e+02,2.816335598596178897e+02,1.187361827295046329e-02
4.800000000000000000e+02,2.823637623218381805e+02,1.297135637685590051e-02
4.810000000000000000e+02,2.830914213795354613e+02,8.805005394363235940e-03
4.820000000000000000e+02,2.838163038745640847e+02,9.692159879547610629e-03
4.830000000000000000e+02,2.845381905716820370e+02,1.589426185593546467e-02
4.840000000000000000e+02,2.852568838081021454e+02,2.251224241581232036e-02
4.850000000000000000e+02,2.859722153339512829e+02,2.217327978139746122e-02
4.860000000000000000e+02,2.866840539977239928e+02,2.834979138393985132e-02
4.870000000000000000e+02,2.873923129037381159e+02,3.044517923715115912e-02
4.880000000000000000e+02,2.880969556674241403e+02,2.870050819195785544e-02
4.890000000000000000e+02,2.887980013979506566e+02,3.623626605922006944e-02
4.900000000000000000e+02,2.894955282157259262e+02,4.355350761038104257e-02
4.910000000000000000e+02,2.901896749818914714e+02,4.471681709532405319e-02
4.920000000000000000e+02,2.908806410837564158e+02,5.133372449724131481e-02
4.930000000000000000e+02,2.915686844524014987e+02,6.043894052289541796e-02
4.940000000000000000e+02,2.922541177875145877e+02,6.203127129042883270e-02
4.950000000000000000e+02,2.929373032060691457e+02,6.698785098361724477e-02
4.960000000000000000e+02,2.936186455793774144e+02,7.828060300357454759e-02
4.970000000000000000e+02,2.942985848733122225e+02,8.209685273083106027e-02
4.980000000000000000e+02,2.949775878310172175e+02,9.417131738802386742e-02
4.990000000000000000e+02,2.956561393362675290e+02,9.716812900477873882e-02
5.000000000000000000e+02,2.963347337925873717e+02,1.016750528501182416e-01
5.010000000000000000e+02,2.970138667290406147e+02,1.116163431890107027e-01
5.020000000000000000e+02,2.976940269719092953e+02,1.192714904335594323e-01
5.030000000000000000e+02,2.983756894904726664e+02,1.207658985416257685e-01
5.040000000000000000e+02,2.990593090444648965e+02,1.312953842773220137e-01
5.050000000000000000e+02,2.997453147152481279e+02,1.364940702159780361e-01
5.060000000000000000e+02,3.004341053502590739e+02,1.373496348113899534e-01
5.070000000000000000e+02,3.011260459134919074e+02,1.452286410233153413e-01
5.080000000000000000e+02,3.018214647062002882e+02,1.481509144212419804e-01
5.090000000000000000e+02,3.025206514162472899e+02,1.570325672732859612e-01
5.100000000000000000e+02,3.032238558463854474e+02,1.624765578830247303e-01
5.110000000000000000e+02,3.039312873931842773e+02,1.657105928781887894e-01
5.120000000000000000e+02,3.046431150625237478e+02,1.716632432051200807e-01
5.130000000000000000e+02,3.053594679351818968e+02,1.747448093136609593e-01
5.140000000000000000e+02,3.060804359511321877e+02,1.752216427786362773e-01
5.150000000000000000e+02,3.068060713716254213e+02,1.794568654404028463e-01
5.160000000000000000e+02,3.075364049653159100e+02,1.769845681405493865e-01
5.170000000000000000e+02,3.082714006379773650e+02,1.831668899696487218e-01
5.180000000000000000e+02,3.090110086458186629e+02,1.820062555294709450e-01
5.190000000000000000e+02,3.097551553502998445e+02,1.800341745708129715e-01
5.200000000000000000e+02,3.105037343186778003e+02,1.832275814612434051e-01
5.210000000000000000e+02,3.112566134988966269e+02,1.822863201208089201e-01
5.220000000000000000e+02,3.120136381343140783e+02,1.732452027967450459e-01
5.230000000000000000e+02,3.127746326185151702e+02,1.756369011597500307e-01
5.240000000000000000e+02,3.135394035765270360e+02,1.783399739113563365e-01
5.250000000000000000e+02,3.143077421050607541e+02,1.721236649745937486e-01
5.260000000000000000e+02,3.150794261004216423e+02,1.684471939544246732e-01
5.270000000000000000e+02,3.158542227399040030e+02,1.659716206376123382e-01
5.280000000000000000e+02,3.166318909739929950e+02,1.633850677832044962e-01
5.290000000000000000e+02,3.174121831320826459e+02,1.576588219031738736e-01
5.300000000000000000e+02,3.181948477423920849e+02,1.590531767322163337e-01
5.310000000000000000e+02,3.189796313631392763e+02,1.532791628946439388e-01
5.320000000000000000e+02,3.197662803866153354e+02,1.447951227970830645e-01
5.330000000000000000e+02,3.205545432611088472e+02,1.404129188947785545e-01
5.340000000000000000e+02,3.213441718142245804e+02,1.376852719838460859e-01
5.350000000000000000e+02,3.221349233519671884e+02,1.394960632969200198e-01
5.360000000000000000e+02,3.229265618119960664e+02,1.274834138820709895e-01
5.370000000000000000e+02,3.237188591264775255e+02,1.261712055092602258e-01
5.380000000000000000e+02,3.245115968552422601e+02,1.202274310305786742e-01
5.390000000000000000e+02,3.253045665328231735e+02,1.164106400832950194e-01
5.400000000000000000e+02,3.260975712799749431e+02,1.117021295957233984e-01
5.410000000000000000e+02,3.268904260746022601e+02,1.117333961572971046e-01
5.420000000000000000e+02,3.276829583368252088e+02,1.004963906880924351e-01
5.430000000000000000e+02,3.284750089336443466e+02,1.019146390880491526e-01
5.440000000000000000e+02,3.292664316160986004e+02,8.910476859276998673e-02
5.450000000000000000e+02,3.300570939373911301e+02,8.781401254838100412e-02
5.460000000000000000e+02,3.308468768133159301e+02,8.715041183301834582e-02
5.470000000000000000e+02,3.316356743967914440e+02,8.117437545123161458e-02
5.480000000000000000e+02,3.324233943418845456e+02,7.739589685265288455e-02
5.490000000000000000e+02,3.332099567601617878e+02,6.964317085117625872e-02
5.500000000000000000e+02,3.339952943982928559e+02,6.473131906722462414e-02
5.510000000000000000e+02,3.347793518029872644e+02,6.288033478926750852e-02
5.520000000000000000e+02,3.355620847481243345e+02,6.212624435298624848e-02
5.530000000000000000e+02,3.363434598941524882e+02,5.371203328083452855e-02
5.540000000000000000e+02,3.371234537121377457e+02,5.274994747539645673e-02
5.550000000000000000e+02,3.379020520993074683e+02,5.176790410246185498e-02
5.560000000000000000e+02,3.386792494852688833e+02,4.937669687722186923e-02
5.570000000000000000e+02,3.394550481235024222e+02,4.643140666117399895e-02
5.580000000000000000e+02,3.402294574198010082e+02,4.352822795998231853e-02
5.590000000000000000e+02,3.410024931098438969e+02,3.754762058369202904e-02
5.600000000000000000e+02,3.417741766150729177e+02,4.055072211167327911e-02
5.610000000000000000e+02,3.425445342975381209e+02,3.813972683329682617e-02
5.620000000000000000e+02,3.433135968601737318e+02,3.450984938727909290e-02
5.630000000000000000e+02,3.440813986137915776e+02,3.356998325896072555e-02
5.640000000000000000e+02,3.448479769869053939e+02,2.979847061916273201e-02
5.650000000000000000e+02,3.456133718923743459e+02,2.816310575018544579e-02
5.660000000000000000e+02,3.463776251983930479e+02,2.126096990945124110e-02
5.670000000000000000e+02,3.471407803469530791e+02,2.466419419547456748e-02
5.680000000000000000e+02,3.479028817381270642e+02,1.784998255346202656e-02
5.690000000000000000e+02,3.486639745135328781e+02,1.791590373615303475e-02
5.700000000000000000e+02,3.494241040856473433e+02,1.911260951952917925e-02
5.710000000000000000e+02,3.501833158083994704e+02,1.444876433675652307e-02
5.720000000000000000e+02,3.509416548082534177e+02,1.474273612131875126e-02
5.730000000000000000e+02,3.516991655569001409e+02,1.561834216865069097e-02
5.740000000000000000e+02,3.524558918276720760e+02,1.015659855513033165e-02
5.750000000000000000e+02,3.532118764214046109e+02,1.273244636217566242e-02
5.760000000000000000e+02,3.539671609900304361e+02,8.307349001340995354e-03
5.770000000000000000e+02,3.547217860174155248e+02,1.103999107318863471e-02
5.780000000000000000e+02,3.554757905740980846e+02,8.908120553441856854e-03
5.790000000000000000e+02,3.562292123606922019e+02,1.087447581343204371e-02
5.800000000000000000e+02,3.569820875935978961e+02,4.677949615526609539e-03
5.810000000000000000e+02,3.577344509341032222e+02,5.905107830389022018e-03
5.820000000000000000e+02,3.584863355481177791e+02,7.869889502009468421e-03
5.830000000000000000e+02,3.592377729998959808e+02,3.767821372695388631e-03
5.840000000000000000e+02,3.599887933272611917e+02,3.604980050942692155e-03
5.850000000000000000e+02,3.607394250284514783e+02,6.116821383871384049e-03
5.860000000000000000e+02,3.614896950581041324e+02,3.746457339338276141e-03
5.870000000000000000e+02,3.622396289121686550e+02,5.024176536027319742e-03
5.880000000000000000e+02,3.629892506108746488e+02,4.950198401269517018e-04
5.890000000000000000e+02,3.637385827767938622e+02,7.834358223567827045e-03
5.900000000000000000e+02,3.644876466708137173e+02,3.799373809404733328e-03
5.910000000000000000e+02,3.652364622270399650e+02,2.151302003988336906e-03
5.920000000000000000e+02,3.659850481311403314e+02,4.750823934385511177e-03
5.930000000000000000e+02,3.667334218515701423e+02,4.316025161517612029e-03
5.940000000000000000e+02,3.674815997080501688e+02,-2.001216376973393579e-03
5.950000000000000000e+02,3.682295969220693337e+02,4.627620045321443470e-03
5.960000000000000000e+02,3.689774276705153397e+02,-7.115900332320011443e-06
5.970000000000000000e+02,3.697251051446630754e+02,-9.926856867885486529e-04
5.980000000000000000e+02,3.704726416010783510e+02,-2.191115300664754802e-03
5.990000000000000000e+02,3.712200484166734782e+02,2.251713611136793320e-03
6.000000000000000000e+02,3.719673361371559963e+02,-1.910037587018798650e-03
6.010000000000000000e+02,3.727145145323019619e+02,4.757031077921015233e-03
6.020000000000000000e+02,3.734615926377157962e+02,-2.994472268188102561e-03
6.030000000000000000e+02,3.742085788065475640e+02,-1.232517139611206958e-03
6.040000000000000000e+02,3.749554807519955375e+02,-3.436666962194002539e-03
6.050000000000000000e+02,3.757023055866773689e+02,-3.706641946004341805e-03
6.060000000000000000e+02,3.764490598712289398e+02,2.077979797139986595e-03
6.070000000000000000e+02,3.771957496427336309e+02,-3.188495947023336878e-03
6.080000000000000000e+02,3.779423804586207325e+02,-2.413423692743971172e-03
6.090000000000000000e+02,3.786889574287161508e+02,-3.211589384821948549e-03
6.100000000000000000e+02,3.794354852440964692e+02,4.423427335863087950e-03
6.110000000000000000e+02,3.801819682161465153e+02,3.112052150544384384e-03
6.120000000000000000e+02,3.809284102954419495e+02,-1.478868272694771864e-03
6.130000000000000000e+02,3.816748151053622564e+02,-1.147471189771975646e-03
6.140000000000000000e+02,3.824211859658900607e+02,-6.108702264910396930e-04
6.150000000000000000e+02,3.831675259131969824e+02,2.351016156107586536e-03
6.160000000000000000e+02,3.839138377292108544e+02,-1.227394046281158084e-03
6.170000000000000000e+02,3.846601239539810422e+02,-2.609903801225560514e-03
6.180000000000000000e+02,3.854063869096514168e+02,-4.116271905651283473e-03
6.190000000000000000e+02,3.861526287179246992e+02,3.042389053884421608e-03
6.200000000000000000e+02,3.868988513125283362e+02,6.779418110817536734e-04
6.210000000000000000e+02,3.876450564586693304e+02,8.657809847271494535e-04
6.220000000000000000e+02,3.883912457573822508e+02,-3.593296279907952882e-03
6.230000000000000000e+02,3.891374206710056001e+02,-2.297238316539354681e-03
6.240000000000000000e+02,3.898835825328301325e+02,2.653111642250815562e-03
6.250000000000000000e+02,3.906297325666472489e+02,2.587198100707462523e-03
6.260000000000000000e+02,3.913758718952055347e+02,4.451412521108206143e-03
6.270000000000000000e+02,3.921220015418248863e+02,1.719748247334559194e-03
6.280000000000000000e+02,3.928681223763994694e+02,-2.778765115075263435e-03
6.290000000000000000e+02,3.936142352613977096e+02,-3.272047445361149151e-03
6.300000000000000000e+02,3.943603409583570283e+02,2.990468143989306622e-03
6.310000000000000000e+02,3.951064401291852732e+02,-4.258627099051141493e-03
6.320000000000000000e+02,3.958525334130834494e+02,2.524136409556326528e-03
6.330000000000000000e+02,3.965986213771140569e+02,-4.138833140540254529e-03
6.340000000000000000e+02,3.973447045111691409e+02,3.880742172420764257e-03
6.350000000000000000e+02,3.980907832927440495e+02,6.606176258879350744e-05
6.360000000000000000e+02,3.988368581437385956e+02,2.268465083719907634e-03
6.370000000000000000e+02,3.995829294277504005e+02,-4.301620930747779119e-03
6.380000000000000000e+02,4.003289975028010304e+02,-3.112783772807498593e-03
6.390000000000000000e+02,4.010750626834887953e+02,-4.036464895944521722e-03
6.400000000000000000e+02,4.018211252368208761e+02,-3.944149373343435253e-03
6.410000000000000000e+02,4.025671854320916054e+02,-1.104539368067261433e-03
6.420000000000000000e+02,4.033132435028048803e+02,-5.611033729347546630e-04
6.430000000000000000e+02,4.040592996445612926e+02,-2.163040807061511559e-03
6.440000000000000000e+02,4.048053540572690281e+02,-3.962719583042344403e-03
6.450000000000000000e+02,4.055514069126155050e+02,2.852213800990305369e-04
6.460000000000000000e+02,4.062974583554315586e+02,-2.917568539137645710e-03
6.470000000000000000e+02,4.070435085316935329e+02,3.905092619844218252e-03
6.480000000000000000e+02,4.077895575670839321e+02,3.152499285594356337e-03
6.490000000000000000e+02,4.085356055692693076e+02,1.476446423669244183e-03
6.500000000000000000e+02,4.092816526449266803e+02,9.744859196706981896e-04
6.510000000000000000e+02,4.100276988862671033e+02,-1.476763922494257709e-03
6.520000000000000000e+02,4.107737443725052913e+02,3.278306262034045974e-04
6.530000000000000000e+02,4.115197891826362593e+02,3.774878235313635939e-03
6.540000000000000000e+02,4.122658333844011054e+02,5.278595992810702865e-04
6.550000000000000000e+02,4.130118770353992659e+02,-2.079976908206114788e-03
6.560000000000000000e+02,4.137579201942747886e+02,-1.941482620149710464e-03
6.570000000000000000e+02,4.145039629105733070e+02,-3.625194475202271616e-03
6.580000000000000000e+02,4.152500052262006989e+02,-3.950305001633656193e-03
6.590000000000000000e+02,4.159960471840527703e+02,4.465864507956203953e-03
6.600000000000000000e+02,4.167420888201540947e+02,-4.418240945980251091e-03
6.610000000000000000e+02,4.174881301652671368e+02,-3.372894255548495104e-03
6.620000000000000000e+02,4.182341712503522331e+02,1.440996298591078455e-03
6.630000000000000000e+02,4.189802121015549119e+02,1.228342046700787874e-03
6.640000000000000000e+02,4.197262527415140312e+02,-1.774938483426689731e-03
6.650000000000000000e+02,4.204722931926864362e+02,-1.228819841985004640e-03
6.660000000000000000e+02,4.212183334734792197e+02,-1.949556977711138471e-03
6.670000000000000000e+02,4.219643735991939479e+02,-8.222384615654199829e-04
6.680000000000000000e+02,4.227104135855001346e+02,3.544959707814216831e-03
6.690000000000000000e+02,4.234564534458386902e+02,-2.820027313358453892e-03
6.700000000000000000e+02,4.242024931924583484e+02,-2.902735456695199924e-03
6.710000000000000000e+02,4.249485328366881731e+02,-2.819635465220088170e-03
6.720000000000000000e+02,4.256945723887163808e+02,-4.094955634089784968e-03
6.730000000000000000e+02,4.264406118583518719e+02,1.007737659686452902e-03
6.740000000000000000e+02,4.271866512556790099e+02,-4.885870530766688903e-04
6.750000000000000000e+02,4.279326905906291358e+02,5.014125084842564533e-04
6.760000000000000000e+02,4.286787298734795968e+02,3.645210209598597449e-03
6.770000000000000000e+02,4.294247691151173854e+02,-1.232115597019886859e-03
6.780000000000000000e+02,4.301708083076743492e+02,-1.155858336083101729e-03
6.790000000000000000e+02,4.309168474511978388e+02,-3.346555494686905344e-03
6.800000000000000000e+02,4.316628865589802899e+02,3.652840812843021704e-03
6.810000000000000000e+02,4.324089256357022464e+02,1.362952183080964408e-03
6.820000000000000000e+02,4.331549646859158997e+02,1.737416776247784241e-03
6.830000000000000000e+02,4.339010037141473504e+02,-1.955606552257868266e-03
6.840000000000000000e+02,4.346470427225912658e+02,-3.208464987800714336e-03
6.850000000000000000e+02,4.353930817124602868e+02,6.603569389586713039e-04
6.860000000000000000e+02,4.361391206860430998e+02,-3.684678743796831243e-03
6.870000000000000000e+02,4.368851596444785059e+02,-2.067648046244024724e-03
6.880000000000000000e+02,4.376311985883444891e+02,-4.051499750927678618e-03
6.890000000000000000e+02,4.383772375176581590e+02,3.876354926003849812e-03
6.900000000000000000e+02,4.391232764362806051e+02,-2.396360438148976404e-04
6.910000000000000000e+02,4.398693153438808849e+02,1.021204740148373095e-03
6.920000000000000000e+02,4.406153542383792114e+02,1.777730797233471015e-03
6.930000000000000000e+02,4.413613931186263812e+02,-2.012124452983297691e-03
6.931860000000000355e+02,4.415001563486583791e+02,1.549949620765974550e-03
6.940000000000000000e+02,4.421074319888749642e+02,-1.751268446795514267e-03
6.950000000000000000e+02,4.428534708518513980e+02,3.776078053637317664e-03
6.960000000000000000e+02,4.435995097077932314e+02,-3.219707935343615098e-03
6.970000000000000000e+02,4.443455485574326076e+02,-1.576380343591975890e-03
6.980000000000000000e+02,4.450915874014264091e+02,-1.468272968019739303e-03
6.990000000000000000e+02,4.458376262403636474e+02,-1.107400960445126996e-03
7.000000000000000000e+02,4.465836650747716590e+02,2.312097242631168132e-03
7.010000000000000000e+02,4.473297039051235515e+02,-4.300598682970750361e-03
7.020000000000000000e+02,4.480757427318428654e+02,-3.481608974228452436e-03
7.030000000000000000e+02,4.488217815553094283e+02,4.484486711686543232e-03
7.040000000000000000e+02,4.495678203758635618e+02,2.003783334045985184e-03
7.050000000000000000e+02,4.503138591938100035e+02,-2.975433607934582000e-03
7.060000000000000000e+02,4.510598980094220565e+02,-1.944638071946413289e-03
7.070000000000000000e+02,4.518059368229436927e+02,-1.543790302191944391e-03
7.080000000000000000e+02,4.525519756345946121e+02,-1.099907132372857912e-03
7.090000000000000000e+02,4.532980144445703559e+02,-4.231418081827128218e-03
7.100000000000000000e+02,4.540440532530444671e+02,-1.773882015130326525e-03
7.110000000000000000e+02,4.547900920601633175e+02,-3.714305603377570015e-04
7.120000000000000000e+02,4.555361308660101827e+02,-1.128841166189236854e-03
7.130000000000000000e+02,4.562821696704627925e+02,1.343029527379226585e-03
7.140000000000000000e+02,4.570282084726873109e+02,9.949553325377061969e-04
7.150000000000000000e+02,4.577742472695726974e+02,2.607395782478195718e-03
7.160000000000000000e+02,4.585202860513256269e+02,2.036031454521627470e-04
7.170000000000000000e+02,4.592663247906051538e+02,2.301343042786946694e-03
7.180000000000000000e+02,4.600123634170368518e+02,1.661706227551092542e-03
7.190000000000000000e+02,4.607584017648679833e+02,-4.414704486022934769e-03
7.200000000000000000e+02,4.615044394688164289e+02,-2.881113186380558373e-03
7.210000000000000000e+02,4.622504757779956321e+02,2.208766138186398116e-03
7.220000000000000000e+02,4.629965092372888762e+02,7.558391747225837436e-04
7.230000000000000000e+02,4.637425371767060938e+02,-1.952072527099318411e-03
7.240000000000000000e+02,4.644885549086951642e+02,3.662614496738687310e-03
7.250000000000000000e+02,4.652345545701386413e+02,4.186892074278109055e-03
7.260000000000000000e+02,4.659805238537085756e+02,3.755414598570298683e-03
7.270000000000000000e+02,4.667264436745472267e+02,-5.338981286470889567e-04
7.280000000000000000e+02,4.674722858398932317e+02,1.853114809351040938e-03
7.290000000000000000e+02,4.682180098715153349e+02,-1.413592430685982945e-03
7.300000000000000000e+02,4.689635592580243610e+02,4.315863686338844776e-03
7.310000000000000000e+02,4.697088573726572918e+02,-2.271319408640063570e-03
7.320000000000000000e+02,4.704538029525260754e+02,-1.408782314205296463e-03
7.330000000000000000e+02,4.711982654176716778e+02,-3.477402286620858221e-03
7.340000000000000000e+02,4.719420799136608480e+02,1.932160425057315774e-03
7.350000000000000000e+02,4.726850426508286773e+02,-3.681395016921110847e-03
7.360000000000000000e+02,4.734269066077011985e+02,7.494772938164302994e-04
7.370000000000000000e+02,4.741673777918236397e+02,4.186729674740247544e-04
7.380000000000000000e+02,4.749061120708933004e+02,2.222237176541342696e-04
7.390000000000000000e+02,4.756427131389031615e+02,-8.826982724228812482e-04
7.400000000000000000e+02,4.763767315848197086e+02,2.073285321054031249e-03
7.410000000000000000e+02,4.771076649921300827e+02,-2.194427725707398351e-03
7.420000000000000000e+02,4.778349593933040751e+02,4.467178891449220899e-04
7.430000000000000000e+02,4.785580115482868564e+02,2.567527860778389542e-03
7.440000000000000000e+02,4.792761730838175254e+02,-2.752375208447362283e-03
7.450000000000000000e+02,4.799887553876685615e+02,4.329950668733066263e-03
7.460000000000000000e+02,4.806950354285438038e+02,6.072300114136259565e-04
7.470000000000000000e+02,4.813942625726919573e+02,-2.581168171727191932e-03
7.480000000000000000e+02,4.820856657937499676e+02,-4.004188076435026273e-04
7.490000000000000000e+02,4.827684619257399277e+02,-1.642053903433906984e-04
7.500000000000000000e+02,4.834418637809232564e+02,-3.677347036424887493e-03
7.510000000000000000e+02,4.841050884492251498e+02,-7.254618522250486133e-04
7.520000000000000000e+02,4.847573655615069015e+02,-2.487504563354923232e-03
7.530000000000000000e+02,4.853979453551129382e+02,-3.708072854280010638e-03
7.540000000000000000e+02,4.860261063132132904e+02,-3.786207401193538227e-03
7.550000000000000000e+02,4.866411621852868166e+02,3.366409860948278709e-03
7.560000000000000000e+02,4.872424684326365991e+02,-2.637257992657493152e-04
7.570000000000000000e+02,4.878294278625201628e+02,4.946727580002550483e-04
7.580000000000000000e+02,4.884014957661846097e+02,3.440580424533037137e-03
7.590000000000000000e+02,4.889581836866558433e+02,-3.942789195916812650e-03
7.600000000000000000e+02,4.894990626610305071e+02,-2.375295525277266052e-03
7.610000000000000000e+02,4.900237655644197616e+02,-3.491245543449415052e-04
7.620000000000000000e+02,4.905319885027858504e+02,-3.032191956115027048e-03
7.630000000000000000e+02,4.910234917496726439e+02,2.422026902489872197e-03
7.640000000000000000e+02,4.914980992650962435e+02,1.889922667369871214e-03
7.650000000000000000e+02,4.919556980180844903e+02,6.881251609261585097e-04
7.660000000000000000e+02,4.923962365445595424e+02,3.858359254691888247e-03
7.670000000000000000e+02,4.928197228616618304e+02,-1.646772418614128510e-03
7.680000000000000000e+02,4.932262221285932355e+02,-4.035368235478877831e-03
7.690000000000000000e+02,4.936158534197929271e+02,-4.412831114553832437e-03
7.700000000000000000e+02,4.939887865587066358e+02,-4.448486976589459234e-03
7.710000000000000000e+02,4.943452385507058580e+02,-1.277946005812225557e-03
7.720000000000000000e+02,4.946854697893197681e+02,-2.203490576468451322e-03
7.730000000000000000e+02,4.950097802081267560e+02,-3.054272133980177883e-03
7.740000000000000000e+02,4.953185051846760416e+02,-2.703431276921068171e-03
7.750000000000000000e+02,4.956120116060868668e+02,-1.013646959191427882e-03
7.760000000000000000e+02,4.958906939787856913e+02,-1.591150566665056184e-03
7.770000000000000000e+02,4.961549704131967928e+02,-9.424984106786764510e-04
7.780000000000000000e+02,4.964052789366339198e+02,-2.895887188373949452e-03
7.790000000000000000e+02,4.966420735443679177e+02,-2.830911180126281269e-03
7.800000000000000000e+02,4.968658208392408255e+02,-1.616677387228852890e-03
7.810000000000000000e+02,4.970769972183654204e+02,-8.354835645667873460e-04
7.820000000000000000e+02,4.972760839866649576e+02,1.483216848650296396e-03
7.830000000000000000e+02,4.974635680707254437e+02,3.583646257144411894e-03
7.840000000000000000e+02,4.976399338487311752e+02,1.752325339116205709e-03
7.850000000000000000e+02,4.978056680346481357e+02,-2.553109577972109863e-03
7.860000000000000000e+02,4.979612497196574168e+02,-1.880415876135707902e-03
7.870000000000000000e+02,4.981071544523468901e+02,-2.703561210393481441e-03
7.880000000000000000e+02,4.982438500496500069e+02,1.168557196614292094e-03
7.890000000000000000e+02,4.983717938588031870e+02,-2.366199882302679088e-03
7.900000000000000000e+02,4.984914352927848427e+02,-1.343594582708337567e-03
7.910000000000000000e+02,4.986032089278641024e+02,-1.731997992108508288e-03
7.920000000000000000e+02,4.987075405150031884e+02,-3.254305784409124332e-03
7.930000000000000000e+02,4.988048385886896199e+02,3.127120755165026158e-03
7.940000000000000000e+02,4.988955013323765115e+02,1.806681383813287878e-03
7.950000000000000000e+02,4.989799096955628102e+02,-2.590479251414404185e-03
7.960000000000000000e+02,4.990584312341669602e+02,3.271204963767212082e-03
7.970000000000000000e+02,4.991314186953770786e+02,1.821615195897652219e-03
7.980000000000000000e+02,4.991992085619559134e+02,-9.411867056414696241e-04
7.990000000000000000e+02,4.992621240592997083e+02,-2.504986529071266243e-03
8.000000000000000000e+02,4.993204713278178701e+02,4.026508613109883866e-03
8.010000000000000000e+02,4.993745438019660128e+02,-3.909729398259814259e-04
8.020000000000000000e+02,4.994246183533343242e+02,-8.630054513728500345e-04
8.030000000000000000e+02,4.994709590859665695e+02,4.169210519450433639e-03
8.040000000000000000e+02,4.995138150916818063e+02,-3.811285986894709377e-03
8.050000000000000000e+02,4.995534222386324359e+02,2.494790204779177324e-03
8.060000000000000000e+02,4.995900033696925675e+02,1.742198019805213166e-03
8.070000000000000000e+02,4.996237680711957978e+02,2.389288048925060012e-03
8.080000000000000000e+02,4.996549142791802183e+02,3.602040273897163993e-03
8.090000000000000000e+02,4.996836274556622470e+02,-2.727583893378254408e-04
8.100000000000000000e+02,4.997100823129035803e+02,-2.816139320482937553e-03
8.110000000000000000e+02,4.997344422771200811e+02,-3.500475697425543386e-03
8.120000000000000000e+02,4.997568606966677294e+02,-7.703184777783122811e-05
8.130000000000000000e+02,4.997774809543755055e+02,-1.472489422536950960e-03
8.140000000000000000e+02,4.997964370679447939e+02,-5.459527065444960258e-04
8.150000000000000000e+02,4.998138541984747576e+02,4.413135276595096107e-03
8.160000000000000000e+02,4.998298490663039502e+02,9.641144902858086617e-04
8.170000000000000000e+02,4.998445303965624475e+02,-1.935816038541915678e-03
8.180000000000000000e+02,4.998579994931070587e+02,-1.981714501661094481e-03
8.190000000000000000e+02,4.998703504165925438e+02,-3.108544181691043264e-03
8.200000000000000000e+02,4.998816707618749433e+02,-1.934695416567838331e-03
8.210000000000000000e+02,4.998920416639201108e+02,2.618451697264742410e-03
8.220000000000000000e+02,4.999015385216708864e+02,1.125750353056910328e-03
8.230000000000000000e+02,4.999102311747684553e+02,-1.110572124903838267e-04
8.240000000000000000e+02,4.999181842399379434e+02,-3.959264786676266329e-03
8.250000000000000000e+02,4.999254576689831993e+02,1.469538492554781843e-04
8.260000000000000000e+02,4.999321066692839963e+02,-6.824496973617866550e-05
8.270000000000000000e+02,4.999381825242161312e+02,-1.191617713994537172e-03
8.280000000000000000e+02,4.999437320237992139e+02,-2.783861247562492962e-03
8.290000000000000000e+02,4.999487986700282818e+02,4.259930026200636592e-03
8.300000000000000000e+02,4.999534224881051614e+02,-3.152039335096468945e-03
8.310000000000000000e+02,4.999576404265289966e+02,-3.544876351293979339e-03
8.320000000000000000e+02,4.999614865898732319e+02,-2.527237122475922953e-03
8.330000000000000000e+02,4.999649925763510510e+02,3.898214433697260936e-03
8.340000000000000000e+02,4.999681878328899529e+02,-1.827944190277189587e-03
8.350000000000000000e+02,4.999710998682172090e+02,-3.193213101099097711e-04
8.360000000000000000e+02,4.999737522157396370e+02,-3.852295547893884280e-03
8.370000000000000000e+02,4.999761658055118119e+02,-3.152074151734578829e-03
8.380000000000000000e+02,4.999783627504527885e+02,-3.795569352121897985e-03
8.390000000000000000e+02,4.999803624830221338e+02,-3.106501156479753428e-03
8.400000000000000000e+02,4.999821818684253572e+02,2.167549743530088144e-03
8.410000000000000000e+02,4.999838355790101332e+02,3.552858811825846015e-03
8.420000000000000000e+02,4.999853392624922890e+02,-2.142293222324433144e-03
8.430000000000000000e+02,4.999867066706521541e+02,2.028102439035478054e-03
8.440000000000000000e+02,4.999879496578900557e+02,-4.567211454722428605e-04
8.450000000000000000e+02,4.999890779625690698e+02,3.857755864914206266e-03
8.460000000000000000e+02,4.999901027954425672e+02,3.521179800159980090e-03
8.470000000000000000e+02,4.999910337707525514e+02,-1.207943688128174618e-03
8.480000000000000000e+02,4.999918792435960313e+02,3.445105678565696616e-05
8.490000000000000000e+02,4.999926457036266925e+02,7.436835769218677799e-06
8.500000000000000000e+02,4.999933411051751477e+02,-4.113126735269792902e-03
8.510000000000000000e+02,4.999939721804215083e+02,-2.997260032850969196e-03
8.520000000000000000e+02,4.999945448277679247e+02,4.000350679069539055e-04
8.530000000000000000e+02,4.999950632439709466e+02,-1.239498197606131663e-04
8.540000000000000000e+02,4.999955331326048622e+02,-8.716592858597271625e-04
8.550000000000000000e+02,4.999959592088915770e+02,-2.629242203095148288e-03
8.560000000000000000e+02,4.999963456488499105e+02,3.390199169871917738e-03
8.570000000000000000e+02,4.999966950567036861e+02,1.833650545940676384e-03
8.580000000000000000e+02,4.999970115151044183e+02,8.336513484613311108e-04
8.590000000000000000e+02,4.999972982756543729e+02,2.222824195977521084e-03
8.600000000000000000e+02,4.999975582676463546e+02,5.859947739283880106e-04
8.610000000000000000e+02,4.999977931493359051e+02,2.136626857571829498e-03
8.620000000000000000e+02,4.999980057491409298e+02,-4.056732456767391665e-03
8.630000000000000000e+02,4.999981982670570915e+02,-4.916330748569930006e-04
8.640000000000000000e+02,4.999983727201779971e+02,-2.682451253927218855e-03
8.650000000000000000e+02,4.999985302293501377e+02,3.068429240171066750e-03
8.660000000000000000e+02,4.999986726960005967e+02,3.262519477923559851e-03
8.670000000000000000e+02,4.999988016014946197e+02,6.478611773011996649e-04
8.680000000000000000e+02,4.999989183277047573e+02,2.830214985390874100e-03
8.690000000000000000e+02,4.999990236255673608e+02,-1.088358058497545557e-03
8.700000000000000000e+02,4.999991187829895125e+02,-3.178079010622864996e-04
8.710000000000000000e+02,4.999992048093262156e+02,-4.355510208876080432e-03
8.720000000000000000e+02,4.999992826634949665e+02,1.136023960118984428e-03
8.730000000000000000e+02,4.999993528145707273e+02,3.401124868240847435e-03
8.740000000000000000e+02,4.999994161512791493e+02,2.983674059201583701e-03
8.750000000000000000e+02,4.999994733724035427e+02,3.786496083639085547e-03
8.760000000000000000e+02,4.999995251416990527e+02,-1.104497526481892878e-03
8.770000000000000000e+02,4.999995717615006470e+02,2.280131857681616774e-04
8.780000000000000000e+02,4.999996138179573109e+02,4.381073105824636466e-03
8.790000000000000000e+02,4.999996517996436296e+02,-2.904062229426347067e-03
8.800000000000000000e+02,4.999996861558774413e+02,3.344791884914764465e-03
8.810000000000000000e+02,4.999997171004019947e+02,-2.502482898675179729e-03
8.820000000000000000e+02,4.999997450011877049e+02,-2.325178158489750197e-03
8.830000000000000000e+02,4.999997701911948980e+02,2.353926788455962520e-03
8.840000000000000000e+02,4.999997929641080532e+02,-2.893524841511510397e-03
8.850000000000000000e+02,4.999998134841052320e+02,2.855776668166414966e-03
8.860000000000000000e+02,4.999998319759658898e+02,3.773227732885102523e-03
8.870000000000000000e+02,4.999998486608873236e+02,-3.862092934878182376e-03
8.880000000000000000e+02,4.999998637295720982e+02,-2.241080665566112101e-03
8.890000000000000000e+02,4.999998773039694697e+02,-1.717780501685146411e-04
8.900000000000000000e+02,4.999998895249465249e+02,-1.118890687511726791e-03
8.910000000000000000e+02,4.999999005412316251e+02,3.720429233629542719e-03
8.920000000000000000e+02,4.999999104814503426e+02,3.549125874477865750e-03
8.930000000000000000e+02,4.999999194087471324e+02,8.619407936126733576e-04
8.940000000000000000e+02,4.999999273962676511e+02,4.272605327873681830e-03
8.950000000000000000e+02,4.999999345395594332e+02,2.749714329195556990e-03
8.960000000000000000e+02,4.999999409090031008e+02,4.705597711674197495e-04
8.970000000000000000e+02,4.999999465692935132e+02,-9.586492999512338841e-04
8.980000000000000000e+02,4.999999515810881690e+02,3.305926954980166390e-03
8.990000000000000000e+02,4.999999560026551535e+02,1.490603998918359392e-04
9.000000000000000000e+02,4.999999598915221100e+02,3.092036741020841740e-03
9.010000000000000000e+02,4.999999632919768260e+02,-1.033194385982727200e-03
9.020000000000000000e+02,4.999999662544438479e+02,-7.610303036409101548e-04
9.030000000000000000e+02,4.999999688468024033e+02,9.420600855047751247e-04
9.040000000000000000e+02,4.999999711334419317e+02,7.726057622349728326e-04
9.050000000000000000e+02,4.999999731851508500e+02,1.832619045814641969e-04
9.060000000000000000e+02,4.999999750806865109e+02,8.353973432568154254e-04
9.070000000000000000e+02,4.999999769083441947e+02,-3.771594420577325645e-03
9.080000000000000000e+02,4.999999787675259881e+02,-1.543109714955996940e-03
9.090000000000000000e+02,4.999999804531023528e+02,-2.736889320677253143e-03
9.100000000000000000e+02,4.999999816844459133e+02,2.131208353668988514e-03
9.110000000000000000e+02,4.999999828013036449e+02,3.457048986939378638e-03
9.120000000000000000e+02,4.999999838255972122e+02,-9.612008095801535118e-04
9.130000000000000000e+02,4.999999847786730243e+02,-5.272152599509253006e-04
9.140000000000000000e+02,4.999999856816689885e+02,2.814154000371104324e-03
9.150000000000000000e+02,4.999999865558810939e+02,4.546253258517976982e-04
9.160000000000000000e+02,4.999999874231301646e+02,7.505707178644369397e-04
9.170000000000000000e+02,4.999999882832280491e+02,-3.319358690315331491e-03
9.180000000000000000e+02,4.999999890921533847e+02,3.653559831074204914e-03
9.190000000000000000e+02,4.999999898876072280e+02,6.028769700130041844e-04
9.200000000000000000e+02,4.999999906698528775e+02,2.280635809676479983e-03
9.210000000000000000e+02,4.999999914365972700e+02,-4.253615223930369994e-04
9.220000000000000000e+02,4.999999921829914911e+02,-2.839188200577000189e-03
9.230000000000000000e+02,4.999999929016299802e+02,2.047842761354821007e-03
9.240000000000000000e+02,4.999999935825512694e+02,1.391705639431749545e-03
9.250000000000000000e+02,4.999999942326863334e+02,3.920667964050969338e-03
9.260000000000000000e+02,4.999999949314295691e+02,-1.754467320730094182e-03
9.270000000000000000e+02,4.999999956036627395e+02,8.069801490650042658e-04
9.280000000000000000e+02,4.999999962395361308e+02,6.091341585755104693e-04
9.290000000000000000e+02,4.999999968273884292e+02,-1.670675521130155676e-03
9.300000000000000000e+02,4.999999973537478581e+02,1.992402701356461078e-03
9.310000000000000000e+02,4.999999978033313255e+02,-2.332339672137545821e-03
9.320000000000000000e+02,4.999999981590447646e+02,1.233298243151222974e-03
9.330000000000000000e+02,4.999999984038384468e+02,-3.998626395297024197e-03
9.335040000000000191e+02,4.999999984934617032e+02,2.861944152426772973e-03
